"Isolate","level 1","level 2"
"09ESS149.fasta-SNP",1,1
"09ESS151.fasta-SNP",2,3
"10ESS214.fasta-SNP",2,4
"10ESS300.fasta-SNP",2,3
"10ESS315.fasta-SNP",2,3
"10ESS322.fasta-SNP",2,3
"10ESS323.fasta-SNP",2,3
"10ESS371.fasta-SNP",2,4
"10ESS402.fasta-SNP",2,4
"113.fasta-SNP",2,5
"11ESS490.fasta-SNP",3,6
"11ESS498.fasta-SNP",2,4
"11ESS522.fasta-SNP",2,3
"11ESS525.fasta-SNP",1,1
"11ESS578.fasta-SNP",3,6
"11ESS598.fasta-SNP",2,4
"11ESS601.fasta-SNP",1,1
"11ESS619.fasta-SNP",2,3
"11ESS657.fasta-SNP",1,1
"11ESS670.fasta-SNP",1,1
"11ESS673.fasta-SNP",2,4
"12E089.fasta-SNP",2,4
"12E375.fasta-SNP",2,4
"12ESS115.fasta-SNP",3,6
"12ESS121017.fasta-SNP",2,4
"12ESS12217.fasta-SNP",3,7
"12ESS12219.fasta-SNP",2,4
"12ESS12384.fasta-SNP",2,4
"12ESS12432.fasta-SNP",2,3
"12ESS12680.fasta-SNP",2,4
"12ESS12839.fasta-SNP",2,4
"12ESS12851.fasta-SNP",2,3
"12ESS12990.fasta-SNP",2,4
"12ESS212.fasta-SNP",3,7
"12ESS349.fasta-SNP",2,4
"12ESS385.fasta-SNP",1,1
"12ESS596.fasta-SNP",3,6
"13E0360.fasta-SNP",2,3
"13E0379.fasta-SNP",2,3
"13E0463.fasta-SNP",2,3
"14E0060.fasta-SNP",1,1
"14E0094.fasta-SNP",2,3
"14E0210.fasta-SNP",2,3
"14E0337.fasta-SNP",2,3
"14E0356.fasta-SNP",2,3
"14E0720.fasta-SNP",1,1
"14E1010.fasta-SNP",2,3
"14E1048.fasta-SNP",1,1
"14E1049.fasta-SNP",4,10
"14E1154.fasta-SNP",2,3
"14E1172.fasta-SNP",2,3
"14E1234.fasta-SNP",2,3
"14E1744.fasta-SNP",2,3
"14ESS0015.fasta-SNP",3,6
"14ESS0030.fasta-SNP",4,10
"14ESS0034.fasta-SNP",4,10
"14ESS0053.fasta-SNP",2,4
"14ESS0104.fasta-SNP",4,10
"14ESS0116.fasta-SNP",2,4
"14ESS0174.fasta-SNP",2,3
"14ESS0198.fasta-SNP",2,3
"14ESS0202.fasta-SNP",4,10
"14ESS0247.fasta-SNP",1,1
"14ESS0253.fasta-SNP",3,6
"14ESS0273.fasta-SNP",2,3
"14ESS0297.fasta-SNP",2,3
"14ESS0305.fasta-SNP",1,1
"14ESS0314.fasta-SNP",1,1
"14ESS0322.fasta-SNP",1,1
"14ESS0336.fasta-SNP",1,1
"14ESS0339.fasta-SNP",1,1
"14ESS0346.fasta-SNP",1,1
"14ESS0420.fasta-SNP",1,1
"14ESS0441.fasta-SNP",1,1
"14ESS0456.fasta-SNP",1,1
"14ESS0485.fasta-SNP",2,4
"14ESS0500.fasta-SNP",2,3
"14ESS0514.fasta-SNP",1,1
"14ESS0516.fasta-SNP",2,4
"14ESS0534.fasta-SNP",3,7
"14ESS0610.fasta-SNP",3,7
"14ESS0636.fasta-SNP",1,1
"14ESS0649.fasta-SNP",1,1
"14ESS0680.fasta-SNP",2,4
"14ESS0710.fasta-SNP",4,10
"14ESS0821.fasta-SNP",1,1
"14ESS0825.fasta-SNP",1,1
"14ESS0829.fasta-SNP",4,10
"14ESS0841.fasta-SNP",1,1
"14ESS0875.fasta-SNP",1,1
"14ESS0968.fasta-SNP",3,7
"14ESS1015.fasta-SNP",1,1
"14ESS1050.fasta-SNP",3,7
"14ESS1484.fasta-SNP",1,1
"14ESS1485.fasta-SNP",1,1
"14ESS1489.fasta-SNP",4,10
"14ESS1517.fasta-SNP",2,4
"14ESS1566.fasta-SNP",1,1
"14ESS1576.fasta-SNP",1,1
"14ESS1593.fasta-SNP",4,10
"14ESS1595.fasta-SNP",4,10
"15E038.fasta-SNP",4,10
"15E044.fasta-SNP",1,1
"15E059.fasta-SNP",1,1
"15E065.fasta-SNP",4,10
"15E070.fasta-SNP",4,10
"15E135.fasta-SNP",1,1
"15E141.fasta-SNP",1,1
"15E153.fasta-SNP",1,1
"15E164.fasta-SNP",1,1
"15E178.fasta-SNP",1,1
"15E179.fasta-SNP",1,1
"15E180.fasta-SNP",1,1
"15E186.fasta-SNP",1,1
"15E188.fasta-SNP",1,1
"15E190.fasta-SNP",1,1
"15E2020.fasta-SNP",1,1
"15E227.fasta-SNP",4,10
"15E248.fasta-SNP",1,1
"15E267.fasta-SNP",1,1
"15E268.fasta-SNP",1,1
"15E269.fasta-SNP",1,1
"15E289.fasta-SNP",2,5
"15E325.fasta-SNP",1,1
"15E384.fasta-SNP",2,4
"15E396.fasta-SNP",4,10
"15E409.fasta-SNP",2,4
"15E428.fasta-SNP",1,1
"15E434.fasta-SNP",1,1
"15E444.fasta-SNP",1,1
"15E446.fasta-SNP",1,1
"15E447.fasta-SNP",1,1
"15E464.fasta-SNP",1,1
"15E468.fasta-SNP",1,1
"15E475.fasta-SNP",1,1
"15E492.fasta-SNP",1,1
"15E493.fasta-SNP",1,1
"15E505.fasta-SNP",1,1
"15E508.fasta-SNP",1,1
"15E510.fasta-SNP",1,1
"15E519.fasta-SNP",1,1
"15E535.fasta-SNP",1,1
"15E556.fasta-SNP",1,1
"15E584.fasta-SNP",1,1
"15ESS0009.fasta-SNP",1,1
"15ESS0048.fasta-SNP",4,10
"15ESS0063.fasta-SNP",4,10
"15ESS0067.fasta-SNP",1,1
"15ESS0099.fasta-SNP",3,7
"15ESS0133.fasta-SNP",2,4
"15ESS0137.fasta-SNP",3,7
"15ESS0365.fasta-SNP",2,3
"15ESS1025.fasta-SNP",4,10
"15ESS1193.fasta-SNP",2,4
"15ESS1277.fasta-SNP",2,4
"15ESS1291.fasta-SNP",1,1
"15ESS1296.fasta-SNP",4,10
"15ESS1346.fasta-SNP",1,1
"15ESS1392.fasta-SNP",2,4
"15ESS2028.fasta-SNP",3,7
"15ESS2035.fasta-SNP",1,1
"15ESS2044.fasta-SNP",4,11
"15ESS2050.fasta-SNP",4,10
"15ESS2249.fasta-SNP",1,1
"15ESS2380.fasta-SNP",1,1
"16E002.fasta-SNP",1,1
"16E011.fasta-SNP",4,10
"16E015.fasta-SNP",4,10
"16E021.fasta-SNP",4,10
"16E027.fasta-SNP",2,4
"16E059.fasta-SNP",4,10
"16E078.fasta-SNP",1,1
"16E080.fasta-SNP",1,1
"16E097.fasta-SNP",3,7
"16E098.fasta-SNP",1,1
"16E110.fasta-SNP",1,1
"16E111.fasta-SNP",1,1
"16E118.fasta-SNP",1,1
"16E130.fasta-SNP",4,10
"16E137.fasta-SNP",4,11
"16E150.fasta-SNP",4,10
"16E170.fasta-SNP",1,1
"16E183.fasta-SNP",4,10
"16E184.fasta-SNP",4,10
"16E201.fasta-SNP",1,1
"16E229.fasta-SNP",1,1
"16E242.fasta-SNP",1,1
"16E255.fasta-SNP",4,10
"16E274.fasta-SNP",4,10
"16E275.fasta-SNP",1,1
"16E277.fasta-SNP",4,10
"16E278.fasta-SNP",1,1
"16E283.fasta-SNP",4,11
"16E301.fasta-SNP",1,1
"16E312.fasta-SNP",1,1
"16E339.fasta-SNP",2,3
"16E366.fasta-SNP",1,1
"16E367.fasta-SNP",1,1
"16E460.fasta-SNP",1,1
"16E488.fasta-SNP",1,1
"16E495.fasta-SNP",1,1
"16ESS0015.fasta-SNP",4,11
"16ESS0037.fasta-SNP",2,3
"16ESS0041.fasta-SNP",2,3
"16ESS0051.fasta-SNP",1,1
"16ESS0072.fasta-SNP",1,1
"16ESS0102.fasta-SNP",2,3
"16ESS0103.fasta-SNP",2,3
"16ESS0172.fasta-SNP",3,7
"16ESS0214.fasta-SNP",4,10
"16ESS0300.fasta-SNP",1,1
"16ESS1055.fasta-SNP",2,5
"16ESS1059.fasta-SNP",2,3
"16ESS1126.fasta-SNP",4,10
"16ESS1235.fasta-SNP",1,1
"16ESS1374.fasta-SNP",3,6
"16ESS2242.fasta-SNP",2,4
"16ESS2256.fasta-SNP",4,10
"16ESS2292.fasta-SNP",2,3
"16ESS2399.fasta-SNP",4,10
"16ESS2431.fasta-SNP",1,1
"16ESS2482.fasta-SNP",4,10
"17E001.fasta-SNP",1,1
"17E004.fasta-SNP",1,1
"17E006.fasta-SNP",4,10
"17E007.fasta-SNP",2,3
"17E016.fasta-SNP",4,10
"17E020.fasta-SNP",1,1
"17E021.fasta-SNP",1,1
"17E026.fasta-SNP",4,10
"17E034.fasta-SNP",1,1
"17E041.fasta-SNP",1,1
"17E047.fasta-SNP",1,1
"17E052.fasta-SNP",1,1
"17E053.fasta-SNP",4,10
"17E066.fasta-SNP",4,10
"17E073.fasta-SNP",4,10
"17E102.fasta-SNP",4,10
"17E112.fasta-SNP",1,1
"17E131.fasta-SNP",4,10
"17E208.fasta-SNP",1,1
"17E216.fasta-SNP",1,1
"17E220.fasta-SNP",4,10
"17E238.fasta-SNP",2,3
"17E269.fasta-SNP",1,1
"17E275.fasta-SNP",1,1
"17E287.fasta-SNP",1,1
"17E292.fasta-SNP",4,10
"17E304.fasta-SNP",1,1
"17E319.fasta-SNP",4,10
"17E330.fasta-SNP",4,10
"17E337.fasta-SNP",1,1
"17E347.fasta-SNP",2,3
"17E428.fasta-SNP",4,10
"17E455.fasta-SNP",1,1
"17E462.fasta-SNP",2,3
"17E465.fasta-SNP",2,3
"17E490.fasta-SNP",2,5
"17E557.fasta-SNP",1,1
"17E564.fasta-SNP",1,1
"17E572.fasta-SNP",1,1
"17E594.fasta-SNP",4,10
"17E612.fasta-SNP",1,1
"17E658.fasta-SNP",1,1
"17ESS0016.fasta-SNP",4,10
"17ESS0022.fasta-SNP",4,10
"17ESS0032.fasta-SNP",4,10
"17ESS0045.fasta-SNP",4,10
"17ESS0066.fasta-SNP",1,2
"17ESS0205.fasta-SNP",4,10
"17ESS0284.fasta-SNP",3,7
"17ESS0375.fasta-SNP",4,10
"17ESS0735.fasta-SNP",4,10
"17ESS0965.fasta-SNP",4,10
"17ESS1063.fasta-SNP",2,3
"17ESS1108.fasta-SNP",4,10
"17ESS1292.fasta-SNP",1,1
"17ESS2254.fasta-SNP",1,1
"18ESS0007.fasta-SNP",4,10
"18ESS0034.fasta-SNP",1,1
"18ESS0035.fasta-SNP",1,1
"18ESS0047.fasta-SNP",4,11
"18ESS0054.fasta-SNP",1,1
"18ESS0056.fasta-SNP",1,1
"18ESS0059.fasta-SNP",1,1
"18ESS0106.fasta-SNP",1,1
"18ESS0192.fasta-SNP",4,10
"18ESS0281.fasta-SNP",2,3
"18ESS0293.fasta-SNP",2,5
"18ESS0566.fasta-SNP",3,7
"18ESS0665.fasta-SNP",1,1
"18ESS0704.fasta-SNP",2,3
"18ESS0709.fasta-SNP",4,10
"18ESS0716.fasta-SNP",1,1
"18ESS0718.fasta-SNP",1,1
"18ESS0732.fasta-SNP",1,1
"18ESS0879.fasta-SNP",4,10
"18ESS0943.fasta-SNP",2,4
"18ESS1313.fasta-SNP",4,11
"18ESS1388.fasta-SNP",4,10
"18ESS1424.fasta-SNP",4,10
"18ESS1634.fasta-SNP",4,10
"18ESS1890.fasta-SNP",1,1
"18ESS1931.fasta-SNP",2,3
"18ESS1935.fasta-SNP",4,10
"18ESS1956.fasta-SNP",1,1
"18ESS2005.fasta-SNP",4,10
"18ESS2006.fasta-SNP",1,1
"18ESS2011.fasta-SNP",2,3
"18ESS2031.fasta-SNP",4,10
"18ESS2080.fasta-SNP",4,10
"18ESS2088.fasta-SNP",1,1
"19E0341.fasta-SNP",4,10
"19ESS0004.fasta-SNP",2,5
"19ESS0007.fasta-SNP",4,10
"19ESS0054.fasta-SNP",2,3
"19ESS0056.fasta-SNP",4,10
"19ESS0059.fasta-SNP",4,10
"19ESS0078.fasta-SNP",4,10
"19ESS0083.fasta-SNP",4,11
"19ESS0101.fasta-SNP",1,1
"19ESS0113.fasta-SNP",4,10
"19ESS0132.fasta-SNP",4,10
"19ESS0202.fasta-SNP",3,7
"19ESS0217.fasta-SNP",4,10
"19ESS0218.fasta-SNP",1,1
"19ESS0252.fasta-SNP",1,1
"19ESS0257.fasta-SNP",4,10
"19ESS0307.fasta-SNP",1,1
"19ESS0309.fasta-SNP",4,10
"19ESS0316.fasta-SNP",2,3
"19ESS0325.fasta-SNP",4,10
"19ESS0333.fasta-SNP",4,10
"19ESS0335.fasta-SNP",2,3
"19ESS0336.fasta-SNP",1,1
"19ESS0359.fasta-SNP",1,1
"19ESS0407.fasta-SNP",1,1
"19ESS0417.fasta-SNP",2,3
"19ESS0421.fasta-SNP",3,7
"19ESS0459.fasta-SNP",4,11
"19ESS047.fasta-SNP",2,3
"19ESS0471.fasta-SNP",4,10
"19ESS0530.fasta-SNP",2,3
"19ESS0542.fasta-SNP",1,1
"19ESS0552.fasta-SNP",1,1
"2008071.fna-SNP",2,4
"2008112.fna-SNP",1,1
"2008113.fna-SNP",1,1
"2009088.fna-SNP",2,3
"2010019.fna-SNP",2,3
"2010037.fna-SNP",2,3
"2010072.fna-SNP",2,3
"2010073.fna-SNP",2,3
"2010101.fna-SNP",2,4
"2010165.fna-SNP",2,3
"2010166.fna-SNP",2,3
"2011019.fna-SNP",2,3
"2011047.fna-SNP",2,3
"2011141.fna-SNP",2,3
"2011147.fna-SNP",1,1
"2011149.fna-SNP",1,1
"2011193.fna-SNP",2,4
"2011216.fna-SNP",2,4
"2012170.fna-SNP",2,3
"2012200.fna-SNP",2,3
"2012203.fna-SNP",2,3
"2013015.fna-SNP",2,3
"2013053.fna-SNP",2,3
"2013090.fna-SNP",4,10
"2013109.fna-SNP",2,3
"2014011.fna-SNP",3,7
"2014014.fna-SNP",3,7
"2014017.fna-SNP",4,10
"2014019.fna-SNP",1,1
"2014058.fna-SNP",4,10
"2014059.fna-SNP",4,10
"2014060.fna-SNP",2,3
"2014063.fna-SNP",2,3
"2014066.fna-SNP",2,3
"2014067.fna-SNP",2,3
"2014068.fna-SNP",2,3
"2014085.fna-SNP",2,3
"2014087.fna-SNP",2,3
"2014114.fna-SNP",4,10
"2015003.fna-SNP",1,1
"2015004.fna-SNP",1,1
"2015026.fna-SNP",4,10
"2015027.fna-SNP",4,10
"2015034.fna-SNP",4,11
"2015035.fna-SNP",1,1
"2015051.fna-SNP",4,10
"2015084.fna-SNP",2,3
"2015096.fna-SNP",4,10
"2015097.fna-SNP",4,10
"2015101.fna-SNP",4,10
"2015107.fna-SNP",4,10
"2015108.fna-SNP",4,10
"2015111.fna-SNP",4,10
"2015124.fna-SNP",4,10
"2015125.fna-SNP",2,3
"2015131.fna-SNP",4,10
"2016028.fna-SNP",4,10
"2016030.fna-SNP",4,10
"2016040.fna-SNP",4,10
"2016046.fna-SNP",4,10
"2016062.fna-SNP",4,10
"2016063.fna-SNP",2,3
"2016067.fna-SNP",2,3
"2016072.fna-SNP",4,10
"2016078.fna-SNP",4,10
"2016081.fna-SNP",4,10
"2016088.fna-SNP",2,3
"2016089.fna-SNP",2,3
"2016095.fna-SNP",4,10
"2016102.fna-SNP",4,10
"2016104.fna-SNP",4,10
"2016109.fna-SNP",2,5
"2016115.fna-SNP",1,1
"2016133.fna-SNP",4,10
"2016147.fna-SNP",4,10
"2016148.fna-SNP",4,10
"2016150.fna-SNP",4,10
"2016152.fna-SNP",4,10
"2017005.fna-SNP",4,10
"2017008.fna-SNP",4,10
"2017023.fna-SNP",4,10
"2017025.fna-SNP",4,10
"2017026.fna-SNP",4,10
"2017028.fna-SNP",4,10
"2017033.fna-SNP",4,10
"2017034.fna-SNP",4,10
"2017035.fna-SNP",4,10
"2017040.fna-SNP",4,10
"2017060.fna-SNP",1,1
"2017064.fna-SNP",2,3
"2017069.fna-SNP",4,10
"2017075.fna-SNP",4,10
"2017084.fna-SNP",4,10
"2017094.fna-SNP",4,10
"2017113.fna-SNP",4,11
"2017115.fna-SNP",4,10
"2017139.fna-SNP",4,10
"2017149.fna-SNP",2,3
"26FS14.fasta-SNP",2,5
"26FS26.fasta-SNP",2,5
"26FS8.fasta-SNP",1,1
"BJH37.fasta-SNP",4,10
"BJH40.fasta-SNP",4,10
"C12.fasta-SNP",3,7
"C130.fasta-SNP",4,10
"C135.fasta-SNP",2,5
"C136.fasta-SNP",4,10
"C142.fasta-SNP",2,5
"C146.fasta-SNP",1,1
"C148.fasta-SNP",1,1
"C151.fasta-SNP",2,5
"C158.fasta-SNP",4,10
"C159.fasta-SNP",4,10
"C169.fasta-SNP",4,10
"C171.fasta-SNP",2,5
"C43.fasta-SNP",3,6
"C48.fasta-SNP",4,10
"C51.fasta-SNP",3,6
"C62.fasta-SNP",2,5
"C72.fasta-SNP",4,10
"C8.fasta-SNP",2,5
"ERR161405.fasta-SNP",1,1
"ERR161413.fasta-SNP",1,1
"ERR161414.fasta-SNP",1,1
"ERR161440.fasta-SNP",4,11
"ERR161456.fasta-SNP",1,1
"ERR161958.fasta-SNP",1,1
"ERR161965.fasta-SNP",4,11
"ERR161970.fasta-SNP",1,1
"ERR161972.fasta-SNP",1,1
"ERR702340.fasta-SNP",1,2
"ERR702346.fasta-SNP",1,1
"ERR702348.fasta-SNP",1,1
"ERR702349.fasta-SNP",1,1
"ERR702350.fasta-SNP",1,1
"ERR702351.fasta-SNP",1,1
"ERR702354.fasta-SNP",1,1
"ERR702355.fasta-SNP",1,1
"ERR702356.fasta-SNP",1,1
"ERR702362.fasta-SNP",1,2
"ERR702368.fasta-SNP",4,11
"ERR702370.fasta-SNP",1,1
"ERR702371.fasta-SNP",1,2
"ERR702373.fasta-SNP",1,2
"ERR702376.fasta-SNP",1,2
"ERR702377.fasta-SNP",1,2
"ERR702379.fasta-SNP",2,4
"ERR702385.fasta-SNP",1,2
"ERR702387.fasta-SNP",1,2
"ERR715590.fasta-SNP",4,11
"ERR715594.fasta-SNP",1,1
"GCA_001293585.1-SNP",4,11
"GCA_003065125.1.fna-SNP",1,2
"GCA_003065455.1.fna-SNP",1,1
"GCA_003065625.1-SNP",1,1
"GCA_003065845.1-SNP",1,1
"GCA_003066925.1-SNP",1,2
"GCA_003067215.1-SNP",1,2
"GCA_003067385.1.fna-SNP",1,2
"GCA_003140475.2-SNP",4,11
"GCA_003882385.1-SNP",4,11
"GCA_003895235.1.fna-SNP",4,11
"GCA_003898995.2-SNP",1,2
"GCA_003904035.1.fna-SNP",3,7
"GCA_003908095.1-SNP",4,11
"GCA_003923455.1-SNP",4,11
"GCA_004159715.1-SNP",4,11
"GCA_004161815.1-SNP",3,6
"GCA_004175255.1.fna-SNP",1,1
"GCA_004175665.1-SNP",3,7
"GCA_004177435.1.fna-SNP",3,6
"GCA_004191855.1.fna-SNP",4,11
"GCA_004218385.1-SNP",1,2
"GCA_004259725.1-SNP",4,11
"GCA_004260825.1-SNP",4,11
"GCA_004276075.1.fna-SNP",1,2
"GCA_006399795.1.fna-SNP",3,7
"GCA_006419415.1-SNP",3,8
"GCA_006420655.1-SNP",1,1
"GCA_006420815.1.fna-SNP",4,11
"GCA_006431435.1.fna-SNP",1,1
"GCA_006432775.1-SNP",3,6
"GCA_006463585.1-SNP",4,11
"GCA_006485225.1-SNP",4,11
"GCA_006520995.1-SNP",1,2
"GCA_006523375.1-SNP",4,11
"GCA_006524895.1-SNP",1,1
"GCA_006524955.1-SNP",1,1
"GCA_006524995.1-SNP",1,1
"GCA_006525035.1-SNP",4,11
"GCA_006525095.1-SNP",4,11
"GCA_006525595.1-SNP",1,1
"GCA_006525675.1-SNP",1,1
"GCA_006525735.1-SNP",1,1
"GCA_006525755.1-SNP",1,1
"GCA_006525795.1-SNP",1,1
"GCA_006525815.1-SNP",1,1
"GCA_006525915.1-SNP",4,11
"GCA_006525935.1-SNP",1,1
"GCA_006525955.1-SNP",1,1
"GCA_006526015.1-SNP",4,11
"GCA_006526035.1-SNP",1,1
"GCA_006526055.1-SNP",1,1
"GCA_006526065.1-SNP",1,1
"GCA_006526095.1-SNP",4,11
"GCA_006527415.1-SNP",1,2
"GCA_006527455.1-SNP",1,1
"GCA_006527495.1-SNP",4,11
"GCA_006527545.1-SNP",1,1
"GCA_006528015.1-SNP",1,1
"GCA_006528545.1.fna-SNP",1,2
"GCA_006813405.1.fna-SNP",1,2
"GCA_006813865.1-SNP",1,2
"GCA_007229795.1-SNP",1,2
"GCA_007237455.1.fna-SNP",4,11
"GCA_007322415.1.fna-SNP",1,2
"GCA_007322895.1-SNP",1,2
"GCA_007327535.1.fna-SNP",4,11
"GCA_007358395.1.fna-SNP",1,2
"GCA_007374945.1-SNP",1,2
"GCA_007377885.1-SNP",1,2
"GCA_007434565.1-SNP",1,2
"GCA_007437945.1-SNP",1,2
"GCA_007444405.1-SNP",1,2
"GCA_007445005.1.fna-SNP",1,2
"GCA_007445125.1.fna-SNP",1,2
"GCA_007445365.1-SNP",1,2
"GCA_007497565.1.fna-SNP",4,11
"GCA_007497945.1.fna-SNP",4,11
"GCA_007498105.1-SNP",3,8
"GCA_007498245.1.fna-SNP",4,11
"GCA_007498685.1-SNP",4,11
"GCA_007498705.1-SNP",1,1
"GCA_007498865.1.fna-SNP",3,8
"GCA_007499905.1-SNP",3,7
"GCA_007501285.1.fna-SNP",4,11
"GCA_007501585.1.fna-SNP",4,11
"GCA_007503485.1.fna-SNP",3,8
"GCA_007503705.1-SNP",3,8
"GCA_007504345.1.fna-SNP",3,7
"GCA_007508905.1-SNP",4,11
"GCA_007513585.1.fna-SNP",4,11
"GCA_007520565.1.fna-SNP",4,11
"GCA_007522225.1.fna-SNP",3,7
"GCA_007576705.1.fna-SNP",4,11
"GCA_007577015.1-SNP",1,1
"GCA_007577615.1-SNP",4,11
"GCA_007577665.1.fna-SNP",4,11
"GCA_007578865.1.fna-SNP",4,11
"GCA_007578965.1.fna-SNP",4,11
"GCA_007579825.1-SNP",3,7
"GCA_007580165.1.fna-SNP",4,11
"GCA_007580625.1.fna-SNP",1,1
"GCA_007580745.1-SNP",1,1
"GCA_007581425.1-SNP",4,11
"GCA_007581875.1-SNP",3,8
"GCA_007582065.1.fna-SNP",3,7
"GCA_007582175.1.fna-SNP",3,6
"GCA_007582225.1-SNP",3,7
"GCA_007588335.1-SNP",4,11
"GCA_007590585.1.fna-SNP",1,1
"GCA_007590925.1-SNP",3,8
"GCA_007591385.1-SNP",3,6
"GCA_007594665.1-SNP",1,2
"GCA_007594965.1-SNP",3,7
"GCA_007601385.1.fna-SNP",1,1
"GCA_007601795.1.fna-SNP",3,7
"GCA_007611895.1.fna-SNP",4,11
"GCA_007646135.1.fna-SNP",3,8
"GCA_007649495.1-SNP",4,11
"GCA_007650235.1.fna-SNP",3,7
"GCA_007650295.1.fna-SNP",3,7
"GCA_007650815.1-SNP",1,1
"GCA_007654955.1.fna-SNP",3,8
"GCA_007669585.1.fna-SNP",4,11
"GCA_007691925.1.fna-SNP",3,8
"GCA_007720565.1.fna-SNP",3,6
"GCA_007760705.1.fna-SNP",1,2
"GCA_007761895.1.fna-SNP",1,2
"GCA_007763595.1-SNP",1,1
"GCA_007763875.1.fna-SNP",1,2
"GCA_007767765.1-SNP",4,11
"GCA_007768165.1.fna-SNP",4,11
"GCA_007768445.1-SNP",4,11
"GCA_007768845.1-SNP",3,8
"GCA_007768885.1.fna-SNP",4,11
"GCA_007769245.1-SNP",3,8
"GCA_007769365.1.fna-SNP",4,11
"GCA_007770025.1-SNP",3,7
"GCA_007772805.1-SNP",4,11
"GCA_007773965.1-SNP",3,6
"GCA_007774465.1.fna-SNP",3,7
"GCA_007775245.1-SNP",4,11
"GCA_007775525.1-SNP",4,11
"GCA_007775745.1-SNP",1,2
"GCA_007776075.1.fna-SNP",4,11
"GCA_007776905.1-SNP",4,11
"GCA_007776925.1.fna-SNP",4,11
"GCA_007776945.1.fna-SNP",4,11
"GCA_007777385.1.fna-SNP",1,1
"GCA_007777845.1.fna-SNP",4,11
"GCA_007778065.1-SNP",3,8
"GCA_007778845.1-SNP",4,11
"GCA_007779205.1.fna-SNP",4,11
"GCA_007779265.1-SNP",4,11
"GCA_007779615.1.fna-SNP",4,11
"GCA_007779685.1-SNP",4,11
"GCA_007779765.1.fna-SNP",3,8
"GCA_007779945.1-SNP",4,11
"GCA_007780405.1-SNP",3,6
"GCA_007780525.1.fna-SNP",4,11
"GCA_007780605.1.fna-SNP",4,11
"GCA_007782405.1-SNP",4,11
"GCA_007783505.1.fna-SNP",3,7
"GCA_007783525.1-SNP",4,11
"GCA_007784305.1-SNP",3,7
"GCA_007784485.1-SNP",3,8
"GCA_007788135.1-SNP",4,11
"GCA_007788295.1.fna-SNP",3,6
"GCA_007789175.1.fna-SNP",3,8
"GCA_007789495.1-SNP",4,11
"GCA_007789695.1-SNP",4,11
"GCA_007789935.1-SNP",4,11
"GCA_007790155.1-SNP",4,11
"GCA_007791215.1-SNP",4,11
"GCA_007791295.1.fna-SNP",4,11
"GCA_007791675.1.fna-SNP",1,1
"GCA_007820415.1-SNP",4,11
"GCA_007821335.1-SNP",4,11
"GCA_007821745.1.fna-SNP",4,11
"GCA_007823025.1-SNP",4,11
"GCA_007908725.1.fna-SNP",4,11
"GCA_007911485.1.fna-SNP",4,11
"GCA_007972305.1.fna-SNP",4,11
"GCA_007974005.1.fna-SNP",3,7
"GCA_008247245.1.fna-SNP",4,11
"GCA_008407355.1.fna-SNP",4,11
"GCA_008428325.1.fna-SNP",1,2
"GCA_008431425.1-SNP",3,6
"GCA_008446985.1-SNP",4,11
"GCA_008472325.1.fna-SNP",3,6
"GCA_008472865.1-SNP",1,2
"GCA_008472945.1-SNP",1,2
"GCA_008503645.1-SNP",1,2
"GCA_008509855.1.fna-SNP",1,2
"GCA_008526075.1.fna-SNP",1,1
"GCA_008540535.1-SNP",1,2
"GCA_008544395.1.fna-SNP",1,2
"GCA_008548075.1-SNP",1,2
"GCA_008560195.1-SNP",1,2
"GCA_008623555.1.fna-SNP",4,11
"GCA_008842365.1.fna-SNP",1,1
"GCA_008900985.1-SNP",3,7
"GCA_008902865.1.fna-SNP",4,11
"GCA_008957225.2-SNP",1,2
"GCA_009756455.1-SNP",3,9
"GCA_009756585.1-SNP",3,6
"GCA_009861705.1-SNP",4,11
"GCA_009861785.1-SNP",4,11
"GCA_009861865.1-SNP",4,11
"GCA_009861925.1-SNP",4,11
"GCA_009864035.1-SNP",4,11
"GCA_009864145.1-SNP",1,1
"GCA_009864215.1-SNP",4,11
"GCA_009864285.1-SNP",4,11
"GCA_009864375.1-SNP",4,11
"GCA_009864455.1-SNP",4,11
"GCA_009864475.1-SNP",4,11
"GCA_009864565.1-SNP",4,11
"GCA_009864575.1-SNP",3,7
"GCA_009864625.1-SNP",3,6
"GCA_009864675.1-SNP",3,6
"GCA_009866415.1-SNP",4,11
"GCA_009870835.1-SNP",4,11
"GCA_009870845.1-SNP",4,11
"GCA_009870885.1-SNP",1,1
"GCA_009870955.1-SNP",4,11
"GCA_009870975.1-SNP",4,11
"GCA_009871195.1-SNP",4,10
"GCA_009871205.1-SNP",4,11
"GCA_009871315.1-SNP",3,6
"GCA_009871385.1-SNP",4,11
"GCA_009871595.1-SNP",4,11
"GCA_009871695.1-SNP",4,11
"GCA_009871705.1-SNP",4,11
"GCA_009871745.1-SNP",4,10
"GCA_009871785.1-SNP",4,11
"GCA_009871835.1-SNP",3,7
"GCA_009871965.1-SNP",4,11
"GCA_009871975.1-SNP",4,11
"GCA_009872035.1-SNP",3,8
"GCA_009872105.1-SNP",4,11
"GCA_009872205.1-SNP",4,11
"GCA_009872255.1-SNP",4,11
"GCA_009872475.1-SNP",4,11
"GCA_009872495.1-SNP",1,1
"GCA_009873085.1-SNP",3,7
"GCA_010000455.1.fna-SNP",1,2
"GCA_010000605.1.fna-SNP",1,2
"GCA_010005965.1.fna-SNP",4,11
"GCA_010185945.1-SNP",4,11
"GCA_010186085.1.fna-SNP",4,11
"GCA_010186345.1-SNP",4,11
"GCA_010186715.1-SNP",4,11
"GCA_010187425.1-SNP",4,11
"GCA_010188085.1.fna-SNP",3,8
"GCA_010188325.1.fna-SNP",4,11
"GCA_010188445.1-SNP",4,11
"GCA_010371325.1.fna-SNP",4,11
"GCA_010373045.1.fna-SNP",4,11
"GCA_010374345.1-SNP",1,2
"GCA_010380445.1.fna-SNP",4,11
"GCA_010381425.1-SNP",1,2
"GCA_010382485.1.fna-SNP",1,2
"GCA_010382625.1.fna-SNP",1,2
"GCA_010395865.1.fna-SNP",1,2
"GCA_010396125.1.fna-SNP",1,2
"GCA_010397025.1-SNP",1,2
"GCA_010398125.1.fna-SNP",1,2
"GCA_010400805.1.fna-SNP",3,8
"GCA_010407945.1-SNP",4,11
"GCA_010409885.1-SNP",4,11
"GCA_010410585.1-SNP",1,2
"GCA_010410665.1.fna-SNP",4,11
"GCA_010412635.1.fna-SNP",1,2
"GCA_010412935.1.fna-SNP",1,1
"GCA_010413295.1.fna-SNP",1,2
"GCA_010413905.1-SNP",3,8
"GCA_010414045.1.fna-SNP",4,11
"GCA_010426645.1-SNP",1,2
"GCA_010427645.1.fna-SNP",1,2
"GCA_010430845.1.fna-SNP",1,2
"GCA_010431635.1-SNP",1,2
"GCA_010431955.1-SNP",1,2
"GCA_010441155.1-SNP",1,2
"GCA_010441755.1.fna-SNP",3,8
"GCA_010446925.1.fna-SNP",1,2
"GCA_010449065.1.fna-SNP",1,2
"GCA_010450215.1.fna-SNP",1,1
"GCA_010452335.1-SNP",1,2
"GCA_010452515.1.fna-SNP",1,1
"GCA_010453915.1-SNP",1,2
"GCA_010455705.1.fna-SNP",4,11
"GCA_010458065.1-SNP",4,11
"GCA_010460745.1.fna-SNP",1,2
"GCA_010468465.1.fna-SNP",4,11
"GCA_010470745.1-SNP",4,11
"GCA_010471085.1-SNP",4,11
"GCA_010471505.1.fna-SNP",1,2
"GCA_010472885.1-SNP",3,6
"GCA_010473645.1.fna-SNP",1,2
"GCA_010474105.1.fna-SNP",1,1
"GCA_010475105.1.fna-SNP",1,2
"GCA_010482315.1.fna-SNP",1,1
"GCA_010485855.1-SNP",1,2
"GCA_010491835.1.fna-SNP",4,11
"GCA_010493995.1.fna-SNP",1,2
"GCA_010494795.1-SNP",1,2
"GCA_010496495.1.fna-SNP",1,2
"GCA_010497055.1-SNP",1,2
"GCA_010498835.1.fna-SNP",1,2
"GCA_010499095.1.fna-SNP",1,2
"GCA_010501915.1.fna-SNP",4,11
"GCA_010503955.1.fna-SNP",1,2
"GCA_010508455.1-SNP",1,2
"GCA_010511735.1.fna-SNP",1,2
"GCA_010514935.1.fna-SNP",3,6
"GCA_010515875.1-SNP",1,1
"GCA_010516535.1.fna-SNP",1,2
"GCA_010517695.1.fna-SNP",4,11
"GCA_010527055.1.fna-SNP",1,1
"GCA_010527155.1.fna-SNP",1,2
"GCA_010528735.1-SNP",4,11
"GCA_010535675.1-SNP",2,4
"GCA_010540155.1-SNP",1,2
"GCA_010543885.1.fna-SNP",1,1
"GCA_010544565.1-SNP",1,2
"GCA_010547965.1.fna-SNP",4,11
"GCA_010551545.1.fna-SNP",1,1
"GCA_010551825.1-SNP",1,2
"GCA_010552785.1-SNP",1,2
"GCA_010560465.1-SNP",1,2
"GCA_010563385.1.fna-SNP",1,2
"GCA_010567685.1-SNP",1,2
"GCA_010567765.1-SNP",1,2
"GCA_010568085.1-SNP",4,11
"GCA_010569205.1.fna-SNP",1,2
"GCA_010582245.1-SNP",4,11
"GCA_010584405.1.fna-SNP",1,2
"GCA_010586545.1.fna-SNP",1,2
"GCA_010588405.1-SNP",1,1
"GCA_010589265.1.fna-SNP",1,2
"GCA_010593945.1-SNP",4,11
"GCA_010596265.1-SNP",4,11
"GCA_010596765.1.fna-SNP",3,8
"GCA_010605885.1-SNP",1,1
"GCA_010612905.1-SNP",1,1
"GCA_010615045.1.fna-SNP",1,2
"GCA_010620445.1-SNP",1,2
"GCA_010620545.1-SNP",1,2
"GCA_010621005.1-SNP",1,2
"GCA_010624295.1.fna-SNP",3,6
"GCA_010626525.1-SNP",3,7
"GCA_010630795.1-SNP",4,11
"GCA_010651165.1-SNP",4,11
"GCA_010663465.1-SNP",1,1
"GCA_010675185.1-SNP",1,2
"GCA_010679445.1-SNP",4,11
"GCA_010684005.1-SNP",4,11
"GCA_010684205.1-SNP",1,2
"GCA_010689245.1-SNP",1,2
"GCA_010715295.1-SNP",1,2
"GCA_010715655.1.fna-SNP",1,2
"GCA_010716625.1.fna-SNP",1,2
"GCA_010720075.1.fna-SNP",1,2
"GCA_010727405.1.fna-SNP",3,6
"GCA_010729285.1-SNP",4,11
"GCA_010736115.1.fna-SNP",4,11
"GCA_010736195.1.fna-SNP",4,11
"GCA_010736535.1-SNP",4,11
"GCA_010736555.1-SNP",1,1
"GCA_010737915.1.fna-SNP",4,11
"GCA_010738545.1-SNP",1,2
"GCA_010749515.1.fna-SNP",1,2
"GCA_010750555.1-SNP",1,2
"GCA_010752595.1-SNP",1,1
"GCA_010752715.1-SNP",1,2
"GCA_010755505.1.fna-SNP",1,2
"GCA_010756255.1.fna-SNP",1,2
"GCA_010756495.1.fna-SNP",4,11
"GCA_010756675.1-SNP",1,2
"GCA_010757305.1.fna-SNP",1,2
"GCA_010757815.1-SNP",1,2
"GCA_010760315.1.fna-SNP",1,2
"GCA_010760495.1-SNP",1,2
"GCA_010761735.1-SNP",4,11
"GCA_010763895.1-SNP",4,11
"GCA_010764015.1.fna-SNP",4,11
"GCA_010764235.1-SNP",4,11
"GCA_010765615.1-SNP",1,2
"GCA_010769815.1.fna-SNP",1,2
"GCA_010769975.1-SNP",1,2
"GCA_010775235.1-SNP",1,2
"GCA_010776595.1.fna-SNP",1,2
"GCA_010776975.1.fna-SNP",1,2
"GCA_010780015.1-SNP",1,1
"GCA_010784175.1-SNP",1,2
"GCA_010785595.1.fna-SNP",1,1
"GCA_010785935.1-SNP",1,2
"GCA_010789535.1.fna-SNP",4,11
"GCA_010796315.1-SNP",4,11
"GCA_010796895.1.fna-SNP",1,2
"GCA_010918175.1-SNP",3,6
"GCA_010939675.1-SNP",4,11
"GCA_010964775.1-SNP",4,10
"GCA_010999915.1-SNP",4,11
"GCA_011058025.1.fna-SNP",1,2
"GCA_011073715.1-SNP",1,1
"GCA_011103455.1.fna-SNP",3,8
"GCA_011105655.1-SNP",1,2
"GCA_011106055.1-SNP",1,2
"GCA_011108815.1-SNP",1,1
"GCA_011109155.1.fna-SNP",1,2
"GCA_011109225.1-SNP",1,2
"GCA_011111875.1.fna-SNP",1,2
"GCA_011114295.1.fna-SNP",1,2
"GCA_011114395.1.fna-SNP",1,2
"GCA_011114555.1.fna-SNP",1,2
"GCA_011115635.1.fna-SNP",1,1
"GCA_011117295.1-SNP",1,2
"GCA_011117535.1-SNP",4,11
"GCA_011117635.1-SNP",4,11
"GCA_011117755.1.fna-SNP",4,11
"GCA_011118575.1.fna-SNP",4,10
"GCA_011119375.1-SNP",1,1
"GCA_011120055.1-SNP",4,11
"GCA_011125605.1.fna-SNP",1,2
"GCA_011126795.1.fna-SNP",4,11
"GCA_011127635.1-SNP",1,2
"GCA_011128465.1.fna-SNP",1,2
"GCA_011137055.1.fna-SNP",1,2
"GCA_011137575.1.fna-SNP",1,2
"GCA_011137835.1-SNP",1,2
"GCA_011138115.1-SNP",1,1
"GCA_011138975.1.fna-SNP",1,2
"GCA_011143365.1-SNP",1,2
"GCA_011169065.1.fna-SNP",1,2
"GCA_011251535.1-SNP",1,1
"GCA_011251605.1-SNP",1,1
"GCA_011251755.1-SNP",1,2
"GCA_011252095.1-SNP",1,2
"GCA_011252265.1-SNP",1,2
"GCA_011254695.1-SNP",1,1
"GCA_011254795.1-SNP",1,2
"GCA_011255025.1-SNP",3,8
"GCA_011255075.1-SNP",3,6
"GCA_011255085.1-SNP",1,2
"GCA_011255115.1-SNP",1,2
"GCA_011255215.1-SNP",4,11
"GCA_011255235.1-SNP",1,2
"GCA_011255275.1-SNP",1,2
"GCA_011255335.1-SNP",1,1
"GCA_011255415.1-SNP",1,1
"GCA_011255435.1-SNP",1,2
"GCA_011255495.1-SNP",4,11
"GCA_011255555.1-SNP",4,10
"GCA_011278405.1-SNP",4,10
"GCA_011278825.1-SNP",3,9
"GCA_011279025.1-SNP",3,9
"GCA_011279085.1-SNP",1,2
"GCA_011279185.1-SNP",1,2
"GCA_011279705.1-SNP",1,2
"GCA_011280085.1-SNP",3,9
"GCA_011280195.1-SNP",1,2
"GCA_011280385.1-SNP",3,9
"GCA_011280465.1-SNP",3,9
"GCA_011280625.1-SNP",3,6
"GCA_011280795.1-SNP",1,2
"GCA_011280865.1-SNP",3,9
"GCA_011280885.1-SNP",1,2
"GCA_011281465.1-SNP",3,7
"GCA_011281685.1-SNP",3,9
"GCA_011281705.1-SNP",1,2
"GCA_011281785.1-SNP",3,9
"GCA_011281935.1-SNP",1,2
"GCA_011282135.1-SNP",3,9
"GCA_011282165.1-SNP",3,9
"GCA_011282305.1-SNP",3,9
"GCA_011289785.1.fna-SNP",3,7
"GCA_011292685.1-SNP",1,2
"GCA_011293215.1-SNP",3,9
"GCA_011293275.1-SNP",3,9
"GCA_011293365.1-SNP",4,10
"GCA_011293435.1-SNP",1,2
"GCA_011293455.1-SNP",3,9
"GCA_011293495.1-SNP",4,10
"GCA_011293545.1-SNP",3,9
"GCA_011293595.1-SNP",1,1
"GCA_011293715.1-SNP",3,9
"GCA_011293765.1-SNP",3,9
"GCA_011293815.1-SNP",3,9
"GCA_011293955.1-SNP",1,2
"GCA_011294315.1-SNP",1,2
"GCA_011310655.1-SNP",4,11
"GCA_011313775.1-SNP",4,10
"GCA_011314735.1-SNP",3,9
"GCA_011314795.1-SNP",4,11
"GCA_011314835.1-SNP",1,2
"GCA_011314875.1-SNP",3,6
"GCA_011315015.1-SNP",3,6
"GCA_011315345.1-SNP",4,11
"GCA_011315445.1-SNP",1,2
"GCA_011315725.1-SNP",3,9
"GCA_011315785.1-SNP",4,10
"GCA_011316415.1-SNP",3,9
"GCA_011325755.1-SNP",1,1
"GCA_011325895.1-SNP",4,11
"GCA_011344495.1-SNP",4,11
"GCA_011376185.1-SNP",3,7
"GCA_011376235.1-SNP",3,6
"GCA_011376345.1-SNP",1,1
"GCA_011376465.1-SNP",3,6
"GCA_011376505.1-SNP",1,1
"GCA_011376625.1-SNP",1,1
"GCA_011376785.1-SNP",1,2
"GCA_011376865.1-SNP",1,2
"GCA_011377465.1-SNP",1,1
"GCA_011378285.1-SNP",3,9
"GCA_011378485.1-SNP",1,2
"GCA_011382445.1-SNP",3,6
"GCA_011382485.1-SNP",3,9
"GCA_011382545.1-SNP",3,6
"GCA_011382585.1-SNP",3,9
"GCA_011383705.1-SNP",3,6
"GCA_011385955.1-SNP",1,1
"GCA_011385975.1-SNP",4,11
"GCA_011386055.1-SNP",4,11
"GCA_011386115.1-SNP",3,9
"GCA_011386175.1-SNP",1,1
"GCA_011386315.1-SNP",1,1
"GCA_011386395.1-SNP",1,2
"GCA_011386415.1-SNP",1,1
"GCA_011386555.1-SNP",3,6
"GCA_011386575.1-SNP",4,11
"GCA_011386655.1-SNP",1,2
"GCA_011386675.1-SNP",1,1
"GCA_011386775.1-SNP",4,10
"GCA_011386815.1-SNP",3,9
"GCA_011387095.1-SNP",3,9
"GCA_011387255.1-SNP",1,2
"GCA_011387375.1-SNP",4,11
"GCA_011387435.1-SNP",1,2
"GCA_011387455.1-SNP",4,10
"GCA_011387595.1-SNP",1,1
"GCA_011387615.1-SNP",3,8
"GCA_011387695.1-SNP",1,2
"GCA_011387935.1-SNP",1,2
"GCA_011387975.1-SNP",1,1
"GCA_011395055.1.fna-SNP",1,2
"GCA_011395395.1.fna-SNP",1,2
"GCA_011395495.1-SNP",1,2
"GCA_011395915.1.fna-SNP",1,2
"GCA_011396355.1.fna-SNP",4,11
"GCA_011398115.1-SNP",1,2
"GCA_011410355.1.fna-SNP",1,2
"GCA_011410695.1-SNP",1,2
"GCA_011415015.1.fna-SNP",3,6
"GCA_011415035.1-SNP",4,11
"GCA_011423945.1-SNP",4,10
"GCA_011429075.1.fna-SNP",4,11
"GCA_011429915.1-SNP",1,2
"GCA_011438895.1.fna-SNP",4,11
"GCA_011439355.1.fna-SNP",1,2
"GCA_011462995.1-SNP",3,7
"GCA_011463335.1-SNP",1,2
"GCA_011464795.1-SNP",3,6
"GCA_011599905.1-SNP",4,10
"GCA_011629565.1.fna-SNP",4,11
"GCA_011677675.1-SNP",1,1
"GCA_011677685.1-SNP",3,9
"GCA_011727295.1-SNP",1,1
"GCA_012128035.1-SNP",1,2
"GCA_013158785.1-SNP",1,2
"GCA_013477825.1-SNP",1,2
"GCA_013513795.1.fna-SNP",1,2
"GCA_013571035.1-SNP",1,2
"GCA_013758575.1.fna-SNP",1,2
"GCA_013766485.1-SNP",1,2
"GCA_013786925.1-SNP",3,9
"GCA_013786985.1-SNP",3,9
"GCA_013787625.1-SNP",3,9
"GCA_013795925.1-SNP",1,2
"GCA_013796745.1-SNP",4,10
"GCA_013796815.1-SNP",1,2
"GCA_013797285.1-SNP",4,10
"GCA_013797305.1-SNP",3,9
"GCA_013797485.1-SNP",1,2
"GCA_013797705.1-SNP",1,1
"GCA_013797725.1-SNP",1,1
"GCA_013797985.1-SNP",1,2
"GCA_013798025.1-SNP",1,1
"GCA_013798505.1-SNP",1,2
"GCA_013798545.1-SNP",3,9
"GCA_013798705.1-SNP",1,1
"GCA_013798825.1-SNP",1,2
"GCA_013799145.1-SNP",1,2
"GCA_013799235.1-SNP",1,1
"GCA_013799285.1-SNP",1,2
"GCA_013799425.1-SNP",1,2
"GCA_013799605.1-SNP",1,2
"GCA_013799645.1-SNP",1,2
"GCA_014068365.1.fna-SNP",1,2
"GCA_014514835.1-SNP",1,2
"GCA_014788365.1.fna-SNP",1,2
"GCA_015649105.1-SNP",3,7
"GCA_015649145.1-SNP",3,6
"GCA_015649185.1-SNP",3,6
"GCA_015649205.1-SNP",3,6
"GCA_015649225.1-SNP",3,6
"GCA_015649245.1-SNP",3,7
"GCA_015649385.1-SNP",3,6
"GCA_015649455.1-SNP",4,11
"GCA_015649525.1-SNP",1,1
"GCA_015649725.1-SNP",3,7
"GCA_015649745.1-SNP",3,7
"GCA_015649785.1-SNP",4,11
"GCA_015649885.1-SNP",3,8
"GCA_015649925.1-SNP",3,8
"GCA_015649945.1-SNP",3,8
"GCA_015649965.1-SNP",4,10
"GCA_015649985.1-SNP",4,11
"GCA_015678795.1-SNP",4,11
"GCA_015740315.1.fna-SNP",1,2
"GCA_015834515.1-SNP",4,11
"GCA_015851875.1-SNP",4,11
"GCA_015857725.1-SNP",4,11
"GCA_015857745.1-SNP",4,11
"GCA_015858305.1-SNP",4,11
"GCA_015858945.1-SNP",1,1
"GCA_015859405.1-SNP",4,11
"GCA_015863885.1-SNP",1,2
"GCA_016128765.1-SNP",1,2
"GCA_016129205.1-SNP",1,1
"GCA_016134785.1-SNP",4,11
"GCA_016630225.1-SNP",1,2
"GCA_016641335.1-SNP",1,1
"GCA_016740475.1-SNP",1,2
"GCA_016740695.1-SNP",4,11
"GCA_016966535.1-SNP",1,1
"GCA_017011595.1-SNP",1,2
"GCA_017011735.1-SNP",1,2
"GCA_017011745.1-SNP",1,2
"GCA_017107385.1-SNP",4,10
"GCA_017107725.1-SNP",1,1
"GCA_017112585.1-SNP",1,2
"GCA_017211635.1-SNP",1,2
"GCA_017284975.1-SNP",1,2
"GCA_017290815.1-SNP",1,2
"GCA_017296455.1-SNP",1,2
"GCA_017298095.1-SNP",1,2
"GCA_017322605.1-SNP",1,2
"GCA_017324265.1-SNP",1,2
"GCA_017324585.1-SNP",1,1
"GCA_017346135.1.fna-SNP",1,2
"GCA_017358205.1-SNP",4,10
"GCA_017363325.1-SNP",1,1
"GCA_017372915.1-SNP",4,10
"GCA_017373255.1-SNP",4,10
"GCA_017375315.1-SNP",1,2
"GCA_017489445.1-SNP",4,11
"GCA_017495245.1-SNP",3,8
"GCA_017496385.1-SNP",1,2
"GCA_017603125.1-SNP",4,11
"GCA_017611045.1-SNP",1,2
"GCA_017638085.1-SNP",1,2
"GCA_017659155.1-SNP",1,1
"GCA_017748105.1.fna-SNP",4,11
"GCA_017748125.1-SNP",4,11
"GCA_017748145.1.fna-SNP",1,1
"GCA_017748165.1-SNP",1,1
"GCA_017748185.1.fna-SNP",4,11
"GCA_017748205.1-SNP",4,11
"GCA_017748225.1.fna-SNP",4,11
"GCA_017748245.1.fna-SNP",4,11
"GCA_017748265.1.fna-SNP",1,1
"GCA_017748285.1.fna-SNP",1,1
"GCA_017748305.1.fna-SNP",1,1
"GCA_017748325.1.fna-SNP",4,11
"GCA_017748345.1.fna-SNP",4,11
"GCA_017748365.1.fna-SNP",4,11
"GCA_017748385.1.fna-SNP",1,1
"GCA_017748405.1.fna-SNP",4,11
"GCA_017748425.1-SNP",1,1
"GCA_017748445.1.fna-SNP",4,11
"GCA_017748465.1.fna-SNP",4,11
"GCA_017748485.1.fna-SNP",4,11
"GCA_017748505.1.fna-SNP",4,11
"GCA_017748525.1-SNP",4,11
"GCA_017748545.1.fna-SNP",4,11
"GCA_017748565.1.fna-SNP",4,11
"GCA_017748585.1.fna-SNP",1,1
"GCA_017748605.1-SNP",4,11
"GCA_017748625.1.fna-SNP",4,11
"GCA_017748645.1-SNP",1,1
"GCA_017748665.1-SNP",1,1
"GCA_017748685.1.fna-SNP",4,11
"GCA_017748705.1-SNP",4,11
"GCA_017748725.1.fna-SNP",4,11
"GCA_017748745.1.fna-SNP",1,1
"GCA_017748765.1.fna-SNP",4,11
"GCA_017748785.1.fna-SNP",4,11
"GCA_017748805.1.fna-SNP",1,1
"GCA_017748825.1.fna-SNP",4,11
"GCA_017748845.1.fna-SNP",1,1
"GCA_017748865.1.fna-SNP",4,11
"GCA_017748885.1.fna-SNP",1,1
"GCA_017748925.1.fna-SNP",4,11
"GCA_017748945.1.fna-SNP",4,11
"GCA_017748965.1.fna-SNP",1,1
"GCA_017748985.1-SNP",1,1
"GCA_017749005.1.fna-SNP",1,1
"GCA_017749025.1.fna-SNP",1,1
"GCA_017749045.1.fna-SNP",4,11
"GCA_017749065.1.fna-SNP",1,1
"GCA_017749085.1.fna-SNP",4,11
"GCA_017749105.1.fna-SNP",4,11
"GCA_017749125.1-SNP",4,11
"GCA_017749145.1.fna-SNP",4,11
"GCA_017749165.1.fna-SNP",4,11
"GCA_017749185.1.fna-SNP",1,1
"GCA_017749205.1.fna-SNP",1,1
"GCA_017749245.1-SNP",4,11
"GCA_017749265.1-SNP",1,1
"GCA_017749285.1.fna-SNP",1,1
"GCA_017749305.1.fna-SNP",4,11
"GCA_017749325.1-SNP",4,11
"GCA_017749345.1.fna-SNP",4,11
"GCA_017749365.1.fna-SNP",1,1
"GCA_017749385.1.fna-SNP",4,11
"GCA_017749405.1.fna-SNP",1,1
"GCA_017749425.1-SNP",1,2
"GCA_017749445.1-SNP",1,1
"GCA_017749465.1.fna-SNP",1,1
"GCA_017749485.1.fna-SNP",1,1
"GCA_017749505.1.fna-SNP",1,1
"GCA_017749525.1.fna-SNP",4,11
"GCA_017749545.1.fna-SNP",1,1
"GCA_017749585.1.fna-SNP",1,1
"GCA_017749605.1.fna-SNP",4,11
"GCA_017749625.1.fna-SNP",4,11
"GCA_017749745.1.fna-SNP",1,1
"GCA_017749785.1.fna-SNP",1,1
"GCA_017749805.1.fna-SNP",4,11
"GCA_017749825.1.fna-SNP",1,1
"GCA_017749845.1.fna-SNP",1,1
"GCA_017749855.1.fna-SNP",4,11
"GCA_017749885.1.fna-SNP",1,1
"GCA_017749905.1.fna-SNP",4,11
"GCA_017749925.1.fna-SNP",1,1
"GCA_017749945.1.fna-SNP",4,11
"GCA_017749965.1.fna-SNP",1,1
"GCA_017749985.1.fna-SNP",4,11
"GCA_017750005.1.fna-SNP",4,11
"GCA_017750025.1-SNP",4,11
"GCA_017750045.1.fna-SNP",1,1
"GCA_017750065.1-SNP",4,11
"GCA_017750085.1-SNP",4,11
"GCA_017750105.1.fna-SNP",4,11
"GCA_017750125.1.fna-SNP",4,11
"GCA_017750145.1-SNP",4,11
"GCA_017750165.1.fna-SNP",4,11
"GCA_017750185.1.fna-SNP",1,1
"GCA_017750205.1.fna-SNP",4,11
"GCA_017750225.1.fna-SNP",4,11
"GCA_017750245.1.fna-SNP",4,11
"GCA_017750265.1.fna-SNP",4,11
"GCA_017750285.1.fna-SNP",1,1
"GCA_017750305.1.fna-SNP",4,11
"GCA_017750345.1.fna-SNP",1,1
"GCA_017750365.1-SNP",1,2
"GCA_017750385.1.fna-SNP",4,11
"GCA_017751345.1.fna-SNP",4,11
"GCA_017753305.1.fna-SNP",4,11
"GCA_017763345.1.fna-SNP",1,1
"GCA_017771625.1-SNP",4,11
"GCA_017785955.1-SNP",4,11
"GCA_017787285.1.fna-SNP",4,11
"GCA_017787305.1.fna-SNP",1,1
"GCA_017787325.1.fna-SNP",3,6
"GCA_017787345.1-SNP",4,11
"GCA_017787365.1.fna-SNP",4,11
"GCA_017787385.1.fna-SNP",1,1
"GCA_017787405.1.fna-SNP",4,11
"GCA_017787425.1.fna-SNP",4,11
"GCA_017787445.1-SNP",1,1
"GCA_017787465.1.fna-SNP",4,11
"GCA_017787485.1.fna-SNP",4,11
"GCA_017787505.1.fna-SNP",4,11
"GCA_017788025.1.fna-SNP",1,1
"GCA_017807395.1-SNP",4,11
"GCA_017807435.1.fna-SNP",4,11
"GCA_017907255.1-SNP",1,2
"GCA_017925975.1-SNP",1,2
"GCA_017946405.1-SNP",1,2
"GCA_017967425.1-SNP",1,2
"GCA_018010255.1-SNP",1,2
"GCA_018010935.1-SNP",1,2
"GCA_018012955.1-SNP",1,2
"GCA_018188475.1-SNP",1,2
"GCA_018188515.1-SNP",1,2
"GCA_018189695.1-SNP",1,1
"GCA_018298125.1-SNP",4,11
"GCA_018298465.1-SNP",4,11
"GCA_018298625.1-SNP",1,2
"GCA_018309805.1-SNP",4,10
"GCA_018539025.1-SNP",3,8
"GCA_018539045.1-SNP",1,1
"GCA_018539085.1-SNP",1,1
"GCA_018539105.1-SNP",4,10
"GCA_018539125.1-SNP",3,8
"GCA_018539185.1-SNP",1,1
"GCA_018539205.1-SNP",1,1
"GCA_018539225.1-SNP",1,1
"GCA_018539245.1-SNP",3,8
"GCA_018539265.1-SNP",3,8
"GCA_018539285.1-SNP",3,8
"GCA_018539305.1-SNP",3,8
"GCA_018539325.1-SNP",3,8
"GCA_018539355.1-SNP",3,8
"GCA_018539385.1-SNP",3,8
"GCA_018539405.1-SNP",3,8
"GCA_018539425.1-SNP",3,8
"GCA_018539445.1-SNP",3,8
"GCA_018539465.1-SNP",3,8
"GCA_018539485.1-SNP",3,8
"GCA_018539505.1-SNP",3,8
"GCA_018539565.1-SNP",3,8
"GCA_018539585.1-SNP",3,8
"GCA_018539605.1-SNP",1,1
"GCA_018539625.1-SNP",1,1
"GCA_018539645.1-SNP",4,10
"GCA_018539665.1-SNP",1,1
"GCA_018539685.1-SNP",3,8
"GCA_018539705.1-SNP",3,8
"GCA_018539745.1-SNP",4,10
"GCA_018539785.1-SNP",3,8
"GCA_018539805.1-SNP",3,8
"GCA_018539825.1-SNP",3,8
"GCA_018539845.1-SNP",3,8
"GCA_018539865.1-SNP",3,8
"GCA_018539885.1-SNP",1,1
"GCA_018539905.1-SNP",3,8
"GCA_018539925.1-SNP",3,8
"GCA_018539945.1-SNP",1,1
"GCA_018539965.1-SNP",3,8
"GCA_018539985.1-SNP",3,8
"GCA_018540005.1-SNP",3,8
"GCA_018540025.1-SNP",3,8
"GCA_018540045.1-SNP",3,8
"GCA_018540065.1-SNP",3,8
"GCA_018540085.1-SNP",3,8
"GCA_018540105.1-SNP",1,1
"GCA_018540125.1-SNP",3,8
"GCA_018540145.1-SNP",3,8
"GCA_018540165.1-SNP",3,8
"GCA_018540175.1-SNP",1,1
"GCA_018540205.1-SNP",3,8
"GCA_018540225.1-SNP",1,1
"GCA_018540245.1-SNP",3,8
"GCA_018540265.1-SNP",3,8
"GCA_018540285.1-SNP",3,8
"GCA_018540305.1-SNP",3,8
"GCA_018540325.1-SNP",3,8
"GCA_018540345.1-SNP",3,8
"GCA_018540365.1-SNP",3,8
"GCA_018540385.1-SNP",1,1
"GCA_018540405.1-SNP",1,1
"GCA_018540445.1-SNP",1,1
"GCA_018540465.1-SNP",1,1
"GCA_018540485.1-SNP",1,1
"GCA_018540505.1-SNP",3,8
"GCA_018540525.1-SNP",3,8
"GCA_018540545.1-SNP",3,8
"GCA_018540565.1-SNP",3,8
"GCA_018540585.1-SNP",3,8
"GCA_018540605.1-SNP",3,8
"GCA_018540625.1-SNP",3,8
"GCA_018540685.1-SNP",3,8
"GCA_018540705.1-SNP",3,8
"GCA_018540725.1-SNP",3,8
"GCA_018540785.1-SNP",1,1
"GCA_018540805.1-SNP",3,8
"GCA_018540825.1-SNP",1,1
"GCA_018540845.1-SNP",3,8
"GCA_018540865.1-SNP",3,8
"GCA_018540885.1-SNP",3,8
"GCA_018540905.1-SNP",3,8
"GCA_018540925.1-SNP",3,8
"GCA_018540945.1-SNP",3,8
"GCA_018540965.1-SNP",3,8
"GCA_018540985.1-SNP",3,8
"GCA_018541005.1-SNP",3,8
"GCA_018541025.1-SNP",3,8
"GCA_018541045.1-SNP",3,8
"GCA_018541085.1-SNP",3,8
"GCA_018541105.1-SNP",3,8
"GCA_018541125.1-SNP",3,8
"GCA_018541145.1-SNP",3,8
"GCA_018541165.1-SNP",3,8
"GCA_018541185.1-SNP",3,8
"GCA_018541205.1-SNP",3,8
"GCA_018541225.1-SNP",1,1
"GCA_018541245.1-SNP",3,8
"GCA_018541265.1-SNP",1,1
"GCA_018541305.1-SNP",3,8
"GCA_018541315.1-SNP",3,8
"GCA_018541345.1-SNP",3,8
"GCA_018541365.1-SNP",3,8
"GCA_018541385.1-SNP",3,8
"GCA_018541405.1-SNP",3,8
"GCA_018541425.1-SNP",3,8
"GCA_018541445.1-SNP",3,8
"GCA_018541465.1-SNP",1,1
"GCA_018541485.1-SNP",3,8
"GCA_018541525.1-SNP",3,8
"GCA_018541545.1-SNP",3,8
"GCA_018541565.1-SNP",3,8
"GCA_018541585.1-SNP",1,1
"GCA_018541605.1-SNP",3,8
"GCA_018541625.1-SNP",3,8
"GCA_018541645.1-SNP",3,8
"GCA_018541665.1-SNP",3,8
"GCA_018541685.1-SNP",3,8
"GCA_018541725.1-SNP",3,8
"GCA_018541745.1-SNP",3,8
"GCA_018541765.1-SNP",4,11
"GCA_018541785.1-SNP",3,8
"GCA_018541825.1-SNP",1,1
"GCA_018541845.1-SNP",3,8
"GCA_018541865.1-SNP",3,8
"GCA_018541905.1-SNP",3,8
"GCA_018541925.1-SNP",3,8
"GCA_018541945.1-SNP",3,8
"GCA_018541965.1-SNP",3,8
"GCA_018541985.1-SNP",3,8
"GCA_018542005.1-SNP",3,8
"GCA_018542025.1-SNP",3,8
"GCA_018542045.1-SNP",3,8
"GCA_018542065.1-SNP",3,8
"GCA_018542085.1-SNP",3,8
"GCA_018542105.1-SNP",3,8
"GCA_018542145.1-SNP",3,8
"GCA_018542165.1-SNP",1,1
"GCA_018542185.1-SNP",3,8
"GCA_018542225.1-SNP",3,8
"GCA_018542265.1-SNP",3,8
"GCA_018542285.1-SNP",4,11
"GCA_018542305.1-SNP",3,8
"GCA_018542325.1-SNP",1,1
"GCA_018542345.1-SNP",3,8
"GCA_018542365.1-SNP",1,1
"GCA_018542385.1-SNP",3,8
"GCA_018542405.1-SNP",1,1
"GCA_018542425.1-SNP",1,1
"GCA_018542445.1-SNP",3,8
"GCA_018542465.1-SNP",3,8
"GCA_018542485.1-SNP",3,8
"GCA_018542505.1-SNP",3,8
"GCA_018542525.1-SNP",1,1
"GCA_018542545.1-SNP",3,8
"GCA_018542565.1-SNP",3,8
"GCA_018542585.1-SNP",3,8
"GCA_018542605.1-SNP",1,1
"GCA_018542625.1-SNP",3,8
"GCA_018542665.1-SNP",3,8
"GCA_018542685.1-SNP",3,8
"GCA_018542705.1-SNP",3,8
"GCA_018542725.1-SNP",3,8
"GCA_018542745.1-SNP",3,8
"GCA_018542765.1-SNP",3,8
"GCA_018542785.1-SNP",3,8
"GCA_018542805.1-SNP",4,10
"GCA_018542825.1-SNP",3,6
"GCA_018543125.1-SNP",3,8
"GCA_018579065.1-SNP",1,1
"GCA_018579085.1-SNP",3,8
"GCA_018579105.1-SNP",1,1
"GCA_018579125.1-SNP",3,8
"GCA_018579165.1-SNP",3,8
"GCA_018579185.1-SNP",1,1
"GCA_018579205.1-SNP",3,8
"GCA_018579265.1-SNP",3,8
"GCA_018579325.1-SNP",3,8
"GCA_018982005.1-SNP",1,2
"GCA_018982225.1-SNP",4,11
"GCA_019009205.1-SNP",4,10
"GCA_019134075.1-SNP",1,2
"GCA_019670145.1-SNP",3,6
"GCA_019670165.1-SNP",4,10
"GCA_019670185.1-SNP",3,6
"GCA_019670225.1-SNP",3,8
"GCA_019670245.1-SNP",3,8
"GCA_019670265.1-SNP",3,8
"GCA_019670285.1-SNP",3,8
"GCA_019670305.1-SNP",1,1
"GCA_019670345.1-SNP",3,8
"GCA_019670365.1-SNP",3,8
"GCA_019670385.1-SNP",3,8
"GCA_019670405.1-SNP",3,8
"GCA_019670425.1-SNP",3,8
"GCA_019670465.1-SNP",3,8
"GCA_019894005.1.fna-SNP",1,1
"GCA_021233735.1-SNP",3,8
"GCA_021248645.1-SNP",1,1
"GCA_022415205.1-SNP",1,1
"GCA_022628335.1-SNP",4,10
"GCA_022948255.1-SNP",1,1
"GCA_023083665.1-SNP",4,10
"GCA_023083705.1-SNP",1,1
"GCA_023086375.1-SNP",4,10
"GCA_023086395.1-SNP",4,10
"GCA_023089725.1-SNP",4,10
"GCA_023686205.1-SNP",3,7
"GCA_023686845.1-SNP",3,7
"GCA_023686965.1-SNP",1,2
"GP12.fasta-SNP",4,10
"GP9.fasta-SNP",4,10
"L35.fasta-SNP",3,6
"L36.fasta-SNP",4,10
"L37.fasta-SNP",2,5
"L39.fasta-SNP",4,10
"L42.fasta-SNP",4,10
"L44.fasta-SNP",4,10
"L58.fasta-SNP",4,10
"L61.fasta-SNP",4,10
"LHB13.fasta-SNP",2,5
"LHB15.fasta-SNP",2,5
"Reference",4,11
"SC169.fasta-SNP",4,10
"STX15.fasta-SNP",2,5
"STX19.fasta-SNP",2,5
"YSX2.fasta-SNP",2,5
"ZJM-101.fasta-SNP",2,5
"ZJM-150.fasta-SNP",2,5
"ZJM-298.fasta-SNP",2,4
"ZJM-299.fasta-SNP",2,4
"ZJM-302.fasta-SNP",2,4
"ZJM-304.fasta-SNP",2,5
"ZJM-305.fasta-SNP",2,5
"ZJM-310.fasta-SNP",2,5
"ZJM-312.fasta-SNP",2,5
"ZJM-314.fasta-SNP",2,4
"ZJM-LWP2.fasta-SNP",2,4
"ZJM-SC193.fasta-SNP",2,4
"ZJM-SC231.fasta-SNP",1,1
"ZJM-SC295.fasta-SNP",3,6
"ZJM-SC49.fasta-SNP",4,10
"ZJM-SC62.fasta-SNP",1,1
"a35.fasta-SNP",2,5
"a63.fasta-SNP",2,5
"a75.fasta-SNP",2,5
